country,gross_sales,returns_value,net_revenue,sales_orders,return_orders,known_customers,net_revenue_share,commercial_invoices,return_invoice_share,return_share_low,return_share_high,return_value_rate
United Kingdom,17410196.117,1265459.64,16144736.477,36535,7315,5407,0.84908795,43850,0.16681870011402508,0.16335847909551932,0.17033729240404366,0.07268497330505976
EIRE,658767.31,48813.53,609953.78,626,180,5,0.03207884,806,0.22332506203473945,0.19592366781811232,0.25335125489395366,0.07409828821044565
Netherlands,554038.09,5707.39,548330.7,228,21,23,0.02883794,249,0.08433734939759036,0.05582203415775734,0.12548311664507517,0.010301439743971396
Germany,425019.711,13060.55,411959.161,789,306,107,0.02166586,1095,0.27945205479452057,0.2536801355076963,0.30676600881746563,0.030729280694466423
France,350456.09,28722.7,321733.39,622,124,95,0.01692068,746,0.16621983914209115,0.14122908223249567,0.1946305262996537,0.08195805642869552
Australia,169283.46,2839.04,166444.42,95,22,15,0.00875369,117,0.18803418803418803,0.12758198294157508,0.2683207087967116,0.016770923751204047
Switzerland,100685.59,1282.53,99403.06,93,30,22,0.00522783,123,0.24390243902439024,0.17652373784947192,0.32679323291275975,0.012737969753169247
Spain,108332.49,17319.05,91013.44,154,34,41,0.0047866,188,0.18085106382978725,0.13240293487548616,0.24208055405503343,0.1598693983679319
Sweden,91869.82,4094.3,87775.52,105,24,19,0.00461631,129,0.18604651162790697,0.12833074623026314,0.2619198523473116,0.04456632221550015
Denmark,68580.69,4121.1,64459.59,43,10,12,0.00339007,53,0.18867924528301888,0.10585325107685911,0.31358459086702545,0.060091258924341535
Belgium,65387.82,2178.93,63208.89,149,34,29,0.0033243,183,0.18579234972677597,0.13611052957732375,0.24839438316604182,0.03332317853692018
Portugal,56283.53,4879.85,51403.68,95,29,24,0.00270343,124,0.23387096774193547,0.16805775181083993,0.3156778015156498,0.08670120726258641
Channel Islands,44623.33,3543.15,41080.18,55,24,14,0.0021605,79,0.3037974683544304,0.21344462783876017,0.4123466071140449,0.07940129075978866
Japan,43023.91,3361.81,39662.1,33,23,10,0.00208592,56,0.4107142857142857,0.29166774287846203,0.541224031535603,0.07813817944487146
Norway,56322.5,20866.59,35455.91,45,8,13,0.00186471,53,0.1509433962264151,0.07852417850846262,0.27054249276195336,0.37048408717652803
Italy,32108.17,1854.07,30254.1,65,27,17,0.00159113,92,0.29347826086956524,0.21021716711066393,0.39329471107252756,0.05774449306827515
Finland,29925.54,411.09,29514.45,57,11,15,0.00155223,68,0.16176470588235295,0.09280092222804136,0.26690027600612404,0.013737095470958919
Cyprus,24849.95,817.39,24032.56,37,8,11,0.00126393,45,0.17777777777777778,0.09294389514104148,0.3132982462645977,0.03289302392962561
Austria,23613.01,435.41,23177.6,45,6,13,0.00121896,51,0.11764705882352941,0.055050736779181736,0.23380844314322466,0.018439411155121693
Greece,19096.19,100.7,18995.49,18,3,5,0.00099902,21,0.14285714285714285,0.04981012499725268,0.34636060280620945,0.005273303208650522
Hong Kong,23685.52,9855.02,13830.5,15,6,0,0.00072738,21,0.2857142857142857,0.1381386295212213,0.49956380716085597,0.4160778399629816
Singapore,25317.06,12158.9,13158.16,11,3,1,0.00069202,14,0.21428571428571427,0.07571386712693184,0.47589230586600295,0.48026508607239543
Israel,11328.81,227.44,11101.37,10,1,4,0.00058385,11,0.09090909090909091,0.016232172885884855,0.37735843645159567,0.02007624807901271
Poland,10654.29,374.36,10279.93,28,10,6,0.00054064,38,0.2631578947368421,0.14971621254798143,0.42008846187466364,0.0351370199234299
United Arab Emirates,11097.63,1148.98,9948.65,16,6,4,0.00052322,22,0.2727272727272727,0.1315076028798947,0.4815173401240238,0.10353381758087088
Unspecified,10927.16,1248.69,9678.47,24,4,7,0.00050901,28,0.14285714285714285,0.05699005319749392,0.31489802163525293,0.11427397420738784
USA,8366.86,2080.32,6286.54,20,5,9,0.00033062,25,0.2,0.08860584686802572,0.3913095036954033,0.24863807927944295
Malta,8099.09,2906.87,5192.22,9,7,2,0.00027307,16,0.4375,0.23098652405492354,0.6682144360118811,0.3589131618490472
Iceland,4921.53,0.0,4921.53,8,0,1,0.00025883,8,0.0,0.0,0.32440756488388023,0.0
Lithuania,4892.68,0.0,4892.68,6,0,1,0.00025732,6,0.0,2.7755575615628914e-17,0.3903342879021653,0.0
Canada,4883.04,0.0,4883.04,8,0,5,0.00025681,8,0.0,0.0,0.32440756488388023,0.0
RSA,4804.32,1435.29,3369.03,4,1,2,0.00017718,5,0.2,0.03622410863243014,0.6244653702374747,0.29874987511239887
Thailand,3070.54,0.0,3070.54,2,0,1,0.00016149,2,0.0,0.0,0.6576197724933469,0.0
Bahrain,3109.79,248.24,2861.55,10,2,2,0.0001505,12,0.16666666666666666,0.04696514218385381,0.4480308622529734,0.07982532582585963
Lebanon,1905.58,39.67,1865.91,2,1,1,9.813e-05,3,0.3333333333333333,0.06149194472039621,0.7923403991979522,0.020817808751141385
Brazil,1411.87,0.0,1411.87,2,0,2,7.425e-05,2,0.0,0.0,0.6576197724933469,0.0
European Community,1300.25,8.5,1291.75,4,1,1,6.794e-05,5,0.2,0.03622410863243014,0.6244653702374747,0.006537204383772351
Bermuda,1253.14,0.0,1253.14,1,0,0,6.591e-05,1,0.0,0.0,0.7934506856227626,0.0
Korea,1118.51,168.69,949.82,2,1,2,4.995e-05,3,0.3333333333333333,0.06149194472039621,0.7923403991979522,0.15081671151800163
Czech Republic,826.74,119.02,707.72,2,3,1,3.722e-05,5,0.6,0.2307242812760128,0.882379225767352,0.14396303553717008
West Indies,536.41,0.0,536.41,1,0,1,2.821e-05,1,0.0,0.0,0.7934506856227626,0.0
Saudi Arabia,145.92,14.75,131.17,1,1,1,6.9e-06,2,0.5,0.09453120573423074,0.9054687942657693,0.10108278508771931
Nigeria,140.39,147.05,-6.66,2,1,1,-3.5e-07,3,0.3333333333333333,0.06149194472039621,0.7923403991979522,1.047439276301731
